Name,HeadCount
10005.jpg,4.087053
10009.jpg,5.1202025
10015.jpg,4.3988433
10022.jpg,4.5238423
10023.jpg,4.9669538
10024.jpg,4.9085827
10025.jpg,6.1215324
10029.jpg,5.0666623
10030.jpg,5.6468415
10033.jpg,5.4667325
10036.jpg,5.352248
10037.jpg,4.8563643
10044.jpg,5.085454
10047.jpg,2.1595607
10048.jpg,3.9527178
10050.jpg,2.5791454
10052.jpg,3.6008909
10053.jpg,3.810785
10056.jpg,2.876748
10057.jpg,3.7558851
10058.jpg,3.271833
10064.jpg,4.6231065
10065.jpg,5.3487134
10068.jpg,3.0626006
10071.jpg,5.2605753
10077.jpg,5.749818
10079.jpg,3.1058798
10085.jpg,4.5190663
10091.jpg,3.0600538
10094.jpg,4.133766
10096.jpg,3.0713837
10099.jpg,2.7699847
10101.jpg,3.7657387
10105.jpg,6.530529
10108.jpg,2.8973277
10109.jpg,6.217511
10111.jpg,3.9947417
10112.jpg,5.0603056
10127.jpg,6.478514
10128.jpg,6.260179
10129.jpg,3.4117708
10132.jpg,3.5947578
10135.jpg,2.7109365
10137.jpg,4.430075
10139.jpg,4.85523
10140.jpg,5.4735136
10146.jpg,5.262917
10151.jpg,6.2997985
10152.jpg,4.040398
10156.jpg,3.1072533
10157.jpg,4.5247254
10163.jpg,5.2804327
10164.jpg,3.6706023
10165.jpg,4.8689194
10166.jpg,5.4438777
10167.jpg,3.1248765
10172.jpg,3.2156093
10178.jpg,2.9585152
10181.jpg,4.83613
10182.jpg,5.389783
10188.jpg,4.980579
10190.jpg,5.941064
10191.jpg,5.2387767
10195.jpg,4.0287004
10196.jpg,5.2127833
10197.jpg,4.263998
10201.jpg,2.757836
10202.jpg,4.040052
10210.jpg,4.380595
10212.jpg,4.045194
10214.jpg,5.5915585
10215.jpg,5.0940666
10220.jpg,3.3897288
10224.jpg,4.2706013
10225.jpg,4.4290705
10227.jpg,3.2903776
10233.jpg,6.262979
10235.jpg,4.5159335
10238.jpg,2.9937062
10241.jpg,4.1789384
10243.jpg,3.1538346
10251.jpg,3.41144
10253.jpg,4.2325177
10256.jpg,4.1093235
10261.jpg,6.1855936
10263.jpg,4.1245766
10265.jpg,5.274244
10266.jpg,5.021754
10272.jpg,4.7842975
10274.jpg,2.4071174
10275.jpg,3.5975828
10278.jpg,3.6312642
10281.jpg,3.2336235
10283.jpg,3.885242
10291.jpg,2.9880114
10292.jpg,4.53308
10293.jpg,5.19021
10295.jpg,5.7313704
10296.jpg,5.2400727
10297.jpg,6.2273674
10298.jpg,8.382943
10305.jpg,4.233448
10309.jpg,4.0672903
10310.jpg,4.6024075
10314.jpg,4.2678366
10316.jpg,6.9656854
10318.jpg,4.0425563
10324.jpg,2.640767
10328.jpg,2.46649
10330.jpg,5.7256966
10331.jpg,4.9865813
10332.jpg,4.6918197
10339.jpg,2.9675925
10340.jpg,3.3598547
10344.jpg,4.50438
10346.jpg,3.338212
10347.jpg,2.682508
10352.jpg,4.46653
10356.jpg,4.359885
10358.jpg,4.256542
10363.jpg,2.7963223
10366.jpg,4.709423
10367.jpg,5.195481
10372.jpg,4.2146277
10375.jpg,3.2593837
10378.jpg,5.5241075
10379.jpg,2.7049768
10381.jpg,4.181119
10386.jpg,5.4186378
10389.jpg,3.464133
10390.jpg,3.0177414
10391.jpg,3.0190802
10392.jpg,3.9035804
10393.jpg,2.2378185
10402.jpg,4.0415154
10404.jpg,3.699236
10409.jpg,4.0334525
10410.jpg,5.360452
10412.jpg,3.9501722
10414.jpg,4.393987
10416.jpg,4.281368
10422.jpg,3.8806665
10428.jpg,4.1497726
10432.jpg,3.9282484
10434.jpg,2.8035097
10438.jpg,3.302585
10440.jpg,3.2843537
10444.jpg,3.9798832
10450.jpg,3.9478838
10454.jpg,4.6697826
10459.jpg,5.0129876
10460.jpg,3.0573626
10466.jpg,3.3034291
10468.jpg,2.9849348
10479.jpg,4.5220814
10483.jpg,4.4838324
10488.jpg,3.4301887
10494.jpg,4.250946
10495.jpg,4.9150476
10498.jpg,3.4566658
10500.jpg,2.4385974
10501.jpg,7.5934234
10508.jpg,5.731527
10513.jpg,3.6063743
10515.jpg,3.135448
10522.jpg,4.5328817
10523.jpg,2.7507803
10526.jpg,3.1935954
10527.jpg,3.955062
10529.jpg,4.313865
10534.jpg,2.8318694
10535.jpg,2.2167737
10537.jpg,2.1698468
10543.jpg,3.3542824
10544.jpg,2.6304898
10545.jpg,4.5035996
10549.jpg,5.167445
10551.jpg,2.743888
10554.jpg,5.036825
10560.jpg,3.69722
10563.jpg,4.6612926
10567.jpg,3.8764315
10578.jpg,4.9413633
10582.jpg,5.1768217
10589.jpg,4.8838134
10590.jpg,7.54353
10591.jpg,5.6574426
10603.jpg,6.106219
10607.jpg,5.1285677
10608.jpg,5.8207116
10612.jpg,5.1553535
10616.jpg,4.5853443
10619.jpg,4.929591
10620.jpg,2.6464849
10621.jpg,3.8775578
10625.jpg,4.9780083
10628.jpg,2.280387
10632.jpg,5.7602654
10634.jpg,4.336722
10639.jpg,3.8573735
10645.jpg,6.3037786
10646.jpg,6.072408
10650.jpg,4.713003
10654.jpg,3.5592184
10656.jpg,5.875815
10660.jpg,1.9222775
10661.jpg,3.4163973
10662.jpg,4.6737514
10663.jpg,6.0575504
10665.jpg,5.183132
10676.jpg,4.7159405
10678.jpg,4.5408287
10689.jpg,4.719627
10692.jpg,2.7249238
10696.jpg,3.000858
10697.jpg,4.0777974
10703.jpg,5.01063
10711.jpg,4.4536495
10714.jpg,4.983746
10721.jpg,5.6297145
10723.jpg,4.1920815
10728.jpg,4.493034
10730.jpg,6.7956243
10731.jpg,4.632264
10736.jpg,5.155215
10742.jpg,6.8304253
10744.jpg,5.7293496
10748.jpg,4.039923
10749.jpg,6.2115006
10750.jpg,5.4073405
10751.jpg,7.259391
10752.jpg,3.4706697
10757.jpg,2.4871876
10760.jpg,4.4337864
10761.jpg,5.802695
10763.jpg,6.206229
10764.jpg,4.129159
10765.jpg,3.2522378
10766.jpg,4.5124416
10768.jpg,4.3013945
10777.jpg,4.004245
10781.jpg,2.6463642
10782.jpg,1.9624139
10787.jpg,4.518996
10788.jpg,3.468049
10789.jpg,5.086944
10793.jpg,3.2839537
10795.jpg,5.5926623
10800.jpg,3.032869
10805.jpg,4.7639523
10811.jpg,5.5008273
10813.jpg,6.0612254
10816.jpg,4.43958
10818.jpg,6.318564
10819.jpg,5.455279
10820.jpg,3.0174463
10822.jpg,4.002649
10825.jpg,2.9655502
10828.jpg,4.332914
10830.jpg,2.6798744
10831.jpg,2.6282134
10833.jpg,4.1595387
10834.jpg,3.5102131
10837.jpg,3.2852492
10843.jpg,3.1446106
10844.jpg,4.511608
10845.jpg,4.9666233
10851.jpg,2.3835096
10858.jpg,5.7725644
10860.jpg,3.1743095
10864.jpg,3.644095
10869.jpg,3.203394
10873.jpg,6.015282
10875.jpg,5.0902414
10882.jpg,3.1173463
10884.jpg,3.844198
10885.jpg,4.699028
10888.jpg,4.565793
10889.jpg,5.0363197
10890.jpg,2.0465286
10891.jpg,4.740641
10892.jpg,2.9798398
10896.jpg,5.745411
10899.jpg,3.8018503
10901.jpg,3.9796114
10902.jpg,5.7206316
10903.jpg,4.7719026
10911.jpg,4.7429705
10912.jpg,4.558085
10913.jpg,2.9812517
10915.jpg,5.111048
10919.jpg,3.9778523
10920.jpg,4.1965733
10921.jpg,4.498179
10922.jpg,1.4378273
10925.jpg,4.8406262
10926.jpg,2.9242427
10928.jpg,3.9568586
10933.jpg,5.37387
10935.jpg,4.0981946
10938.jpg,4.3959923
10939.jpg,4.194988
10949.jpg,5.1779637
10951.jpg,3.2664645
10953.jpg,5.733483
10956.jpg,3.7901561
10958.jpg,2.6229172
10959.jpg,3.3858573
10964.jpg,3.1139586
10966.jpg,5.17172
10970.jpg,3.8246558
10972.jpg,5.0500417
10983.jpg,4.8725905
10985.jpg,3.0251489
10990.jpg,5.0645065
10994.jpg,4.858267
10995.jpg,3.4136822
10996.jpg,5.4720573
11011.jpg,5.246714
11016.jpg,4.962712
11018.jpg,5.785849
11019.jpg,5.6549797
11021.jpg,4.9583993
11023.jpg,3.839906
11024.jpg,2.6407208
11025.jpg,6.6286945
11026.jpg,4.869231
11027.jpg,6.0572557
11028.jpg,5.60216
11033.jpg,3.4482338
11039.jpg,6.0496235
11041.jpg,4.6557064
11049.jpg,5.06234
11050.jpg,3.2212932
11053.jpg,4.2636104
11056.jpg,3.4364057
11058.jpg,4.64048
11067.jpg,7.492519
11068.jpg,6.6604633
11072.jpg,4.131165
11080.jpg,5.6170664
11081.jpg,4.621627
11082.jpg,4.537914
11089.jpg,3.354826
11094.jpg,5.2136292
11096.jpg,6.1468377
11102.jpg,4.947102
11103.jpg,5.517596
11106.jpg,5.5108905
11107.jpg,3.9238992
11109.jpg,4.5029984
11115.jpg,3.8732002
11116.jpg,5.580134
11117.jpg,3.23955
11118.jpg,3.2428076
11122.jpg,3.604334
11124.jpg,2.7653933
11126.jpg,4.8327785
11128.jpg,5.056805
11131.jpg,6.7351203
11134.jpg,4.4546385
11138.jpg,6.228049
11140.jpg,4.8184233
11141.jpg,5.975598
11150.jpg,4.1354527
11152.jpg,4.683426
11153.jpg,4.862954
11158.jpg,2.462781
11164.jpg,4.655463
11167.jpg,4.7500463
11168.jpg,5.864698
11181.jpg,3.895399
11185.jpg,4.8639636
11188.jpg,3.920294
11190.jpg,4.6847696
11192.jpg,4.4174633
11193.jpg,3.483333
11198.jpg,5.0717936
11201.jpg,3.700758
11207.jpg,3.2857108
11208.jpg,3.0318098
11209.jpg,3.4896104
11216.jpg,4.35566
11217.jpg,3.8122375
11219.jpg,3.8367786
11220.jpg,3.7452517
11222.jpg,2.451026
11224.jpg,4.085717
11227.jpg,4.9218235
11228.jpg,3.9850569
11229.jpg,4.8356533
11230.jpg,3.625644
11232.jpg,5.7007723
11239.jpg,3.4603665
11240.jpg,4.60077
11248.jpg,3.452757
11249.jpg,3.4634318
11250.jpg,3.9199896
11251.jpg,3.0786412
11253.jpg,4.007524
11255.jpg,4.948716
11256.jpg,5.97951
11259.jpg,3.2392714
11261.jpg,4.4250703
11267.jpg,4.9638524
11268.jpg,6.097714
11270.jpg,4.33162
11271.jpg,3.7795522
11281.jpg,4.5916204
11285.jpg,3.819758
11286.jpg,5.074391
11290.jpg,4.702751
11291.jpg,3.262644
11294.jpg,3.5253758
11295.jpg,4.086111
11303.jpg,4.263061
11305.jpg,4.685809
11314.jpg,4.3749657
11325.jpg,3.922824
11328.jpg,5.8783665
11339.jpg,3.9171937
11345.jpg,4.6707025
11353.jpg,6.3536253
11354.jpg,3.5120878
11358.jpg,3.3161395
11364.jpg,5.540713
11373.jpg,3.9654922
11374.jpg,4.5116687
11377.jpg,3.0016458
11378.jpg,4.899615
11381.jpg,4.865354
11383.jpg,5.1724896
11384.jpg,4.36577
11385.jpg,3.873266
11386.jpg,7.8080573
11390.jpg,3.1680813
11394.jpg,2.8045874
11398.jpg,5.13832
11401.jpg,3.6099362
11409.jpg,4.9204397
11410.jpg,2.9386697
11411.jpg,4.77821
11414.jpg,4.6361322
11420.jpg,4.150957
11421.jpg,4.4221096
11424.jpg,4.1605315
11438.jpg,4.6558347
11441.jpg,4.9431276
11447.jpg,3.7166436
11450.jpg,4.6556535
11451.jpg,6.4722257
11455.jpg,3.1287086
11456.jpg,3.6725178
11461.jpg,3.4879556
11462.jpg,2.778583
11463.jpg,4.527513
11464.jpg,3.944209
11470.jpg,4.737406
11473.jpg,3.5615144
11474.jpg,3.8835745
11478.jpg,5.456791
11481.jpg,5.481458
11490.jpg,4.1540556
11495.jpg,5.0871186
11497.jpg,3.969454
11498.jpg,3.4947014
11501.jpg,4.4785786
11506.jpg,5.225504
11510.jpg,6.024429
11516.jpg,3.7233605
11524.jpg,4.042321
11527.jpg,3.7199812
11529.jpg,4.4725056
11536.jpg,5.432359
11537.jpg,3.317544
11539.jpg,3.1138272
11541.jpg,3.5805025
11543.jpg,3.5349424
11545.jpg,3.4030385
11548.jpg,4.0450315
11550.jpg,5.163226
11560.jpg,2.6290145
11563.jpg,5.4520946
11566.jpg,3.139112
11568.jpg,2.44118
11571.jpg,2.713117
11573.jpg,2.7339187
11577.jpg,4.5169053
11580.jpg,4.3433547
11585.jpg,4.131565
11589.jpg,3.8109055
11590.jpg,3.359537
11593.jpg,5.433809
11597.jpg,5.5823994
11599.jpg,6.140413
11601.jpg,4.92007
11609.jpg,3.9464095
11611.jpg,5.4492154
11626.jpg,4.7590127
11627.jpg,4.091424
11629.jpg,2.783389
11634.jpg,4.119806
11642.jpg,2.8584793
11648.jpg,5.6485963
11650.jpg,4.8035226
11657.jpg,2.6291645
11658.jpg,4.422125
11659.jpg,4.576213
11660.jpg,6.3766212
11666.jpg,6.5505137
11669.jpg,6.8035617
11670.jpg,3.6428802
11680.jpg,5.092099
11683.jpg,3.6579504
11694.jpg,4.719701
11695.jpg,4.030677
11698.jpg,4.997713
11701.jpg,5.3988547
11705.jpg,4.803316
11706.jpg,5.2175775
11711.jpg,4.571515
11715.jpg,4.581223
11719.jpg,5.3017473
11720.jpg,4.1769304
11730.jpg,2.064118
11731.jpg,2.851402
11735.jpg,4.983481
11737.jpg,4.4432564
11742.jpg,3.6478739
11743.jpg,4.224033
11744.jpg,3.4905634
11747.jpg,4.548314
11752.jpg,5.585588
11753.jpg,4.026665
11757.jpg,5.408461
11762.jpg,4.162843
11767.jpg,5.0585403
11770.jpg,4.3707666
11771.jpg,3.5577924
11773.jpg,5.0018873
11778.jpg,4.28451
11785.jpg,2.2902787
11790.jpg,6.4426217
11791.jpg,6.4323955
11792.jpg,4.4636574
11794.jpg,4.6657543
11797.jpg,4.6114893
11801.jpg,4.0876756
11819.jpg,7.8649964
11823.jpg,5.145368
11826.jpg,4.6833115
11828.jpg,2.9387083
11829.jpg,3.8097932
11831.jpg,3.4580185
11834.jpg,3.959997
11836.jpg,3.1550689
11837.jpg,4.4494824
11838.jpg,3.2875662
11839.jpg,4.716388
11842.jpg,2.957662
11843.jpg,4.5950255
11846.jpg,5.924554
11847.jpg,5.1549826
11848.jpg,4.8510146
11849.jpg,3.7999446
11850.jpg,5.619736
11852.jpg,3.6490736
11853.jpg,4.4377556
11857.jpg,3.4457054
11859.jpg,5.527429
11869.jpg,3.439552
11874.jpg,4.598397
11876.jpg,4.6328244
11880.jpg,4.9397774
11881.jpg,5.6602726
11882.jpg,4.311686
11886.jpg,4.4403086
11888.jpg,5.041837
11890.jpg,4.891877
11892.jpg,3.2554755
11893.jpg,2.8090403
11898.jpg,1.781677
11899.jpg,5.402635
11901.jpg,6.797925
11902.jpg,4.8282666
11903.jpg,5.073332
11910.jpg,4.7981353
11916.jpg,4.460634
11917.jpg,4.439273
11918.jpg,3.540604
11920.jpg,4.103442
11924.jpg,3.082125
11926.jpg,2.976385
11928.jpg,3.8980582
11931.jpg,5.12238
11934.jpg,3.8007145
11936.jpg,4.7702765
11941.jpg,3.5632653
11942.jpg,4.64774
11959.jpg,5.113397
11966.jpg,3.0126967
11968.jpg,4.908098
11969.jpg,4.370499
11971.jpg,3.0060327
11974.jpg,4.7748666
11980.jpg,4.2576756
11984.jpg,3.2821527
11986.jpg,4.6659627
11987.jpg,3.7726803
11988.jpg,3.775732
11989.jpg,4.50996
11993.jpg,6.0304866
12000.jpg,3.0065303
12004.jpg,3.3400445
12005.jpg,3.2370534
12010.jpg,4.612848
12013.jpg,3.2519026
12014.jpg,4.039561
12016.jpg,3.6804857
12017.jpg,4.8933496
12020.jpg,4.7521014
12023.jpg,2.090848
12024.jpg,5.273973
12025.jpg,2.565331
12026.jpg,2.6391573
12031.jpg,6.489855
12032.jpg,4.4935513
12033.jpg,6.8724656
12034.jpg,6.7714214
12036.jpg,3.8624253
12038.jpg,6.2757826
12039.jpg,4.445641
12043.jpg,3.0175395
12046.jpg,5.3110538
12049.jpg,4.4962444
12052.jpg,6.218949
12054.jpg,4.445933
12062.jpg,2.5362186
12063.jpg,4.4878206
12067.jpg,5.0905147
12068.jpg,2.303274
12071.jpg,4.301375
12083.jpg,3.646573
12094.jpg,4.5340405
12098.jpg,4.2787557
12102.jpg,4.083139
12104.jpg,3.4169226
12105.jpg,4.3836837
12106.jpg,4.0113287
12110.jpg,4.839318
12111.jpg,2.1990228
12115.jpg,4.536026
12117.jpg,5.833273
12119.jpg,3.1221995
12120.jpg,3.2425222
12122.jpg,3.3599234
12124.jpg,3.225065
12125.jpg,6.505063
12127.jpg,2.437416
12129.jpg,2.6989534
12136.jpg,5.328217
12137.jpg,3.5353508
12138.jpg,2.9881763
12142.jpg,3.5546193
12145.jpg,2.9916046
12148.jpg,4.2333355
12158.jpg,4.712015
12161.jpg,3.1397514
12162.jpg,3.727579
12164.jpg,4.5745606
12166.jpg,4.099145
12176.jpg,6.1358266
12177.jpg,4.7641354
12179.jpg,2.8986773
12180.jpg,3.776515
12183.jpg,2.3816416
12186.jpg,5.3159885
12188.jpg,3.358165
12189.jpg,3.4036183
12190.jpg,2.6097023
12192.jpg,3.3340373
12193.jpg,3.4900897
12194.jpg,4.584708
12196.jpg,5.4689717
12209.jpg,5.044906
12210.jpg,3.8079944
12214.jpg,3.7338667
12217.jpg,5.1853986
12218.jpg,5.146835
12224.jpg,4.0623918
12230.jpg,4.8030357
12234.jpg,4.567514
12235.jpg,5.271741
12236.jpg,5.050798
12238.jpg,3.075491
12240.jpg,4.684054
12241.jpg,6.6051884
12245.jpg,3.8401496
12251.jpg,2.2911057
12255.jpg,4.4016113
12259.jpg,3.8739676
12260.jpg,4.8827887
12264.jpg,4.2159963
12266.jpg,3.7108512
12268.jpg,5.042438
12270.jpg,4.617598
12273.jpg,5.6005764
12278.jpg,4.858047
12284.jpg,4.359839
12286.jpg,4.2674546
12292.jpg,3.885762
12294.jpg,2.906578
12296.jpg,3.9159145
12302.jpg,5.796621
12305.jpg,4.1228676
12312.jpg,5.1131825
12316.jpg,2.4993913
12318.jpg,2.5955818
12322.jpg,6.838713
12323.jpg,4.5274835
12327.jpg,5.0345683
12328.jpg,3.1411743
12330.jpg,4.1880155
12331.jpg,4.1907573
12333.jpg,3.643938
12334.jpg,3.5840464
12339.jpg,6.068118
12343.jpg,5.905862
12355.jpg,6.5302157
12357.jpg,2.2162178
12361.jpg,5.2973795
12363.jpg,4.7698193
12365.jpg,4.612976
12369.jpg,3.085687
12376.jpg,3.1762316
12377.jpg,4.8828244
12384.jpg,4.526342
12388.jpg,3.7503798
12389.jpg,3.658972
12393.jpg,2.9008784
12395.jpg,2.134928
12400.jpg,5.0644746
12404.jpg,2.1435213
12406.jpg,6.2450466
12411.jpg,4.250224
12415.jpg,5.1721234
12428.jpg,4.1763606
12430.jpg,3.7158234
12434.jpg,2.4210353
12440.jpg,5.7149525
12442.jpg,4.1094127
12443.jpg,5.0684547
12445.jpg,4.112661
12446.jpg,5.23134
12455.jpg,2.7839787
12456.jpg,3.508375
12462.jpg,4.737886
12465.jpg,2.7859452
12466.jpg,3.429679
12469.jpg,6.542269
12472.jpg,4.6467175
12475.jpg,3.7988238
12482.jpg,3.728572
12488.jpg,3.379765
12489.jpg,4.909776
12495.jpg,5.299911
12503.jpg,5.5175424
12509.jpg,3.6437716
12510.jpg,4.5999846
12514.jpg,4.286081
12516.jpg,5.1754074
12526.jpg,6.948268
12527.jpg,6.879389
12535.jpg,2.1047924
12539.jpg,4.2701926
12540.jpg,5.8702874
12541.jpg,6.9915576
12547.jpg,2.805035
12548.jpg,3.460082
12550.jpg,3.2441862
12553.jpg,3.670046
12555.jpg,5.372241
12556.jpg,5.0863385
12559.jpg,2.0257351
12565.jpg,4.1005344
12575.jpg,4.0076923
12576.jpg,3.9618976
12578.jpg,3.4703646
12581.jpg,2.524703
12582.jpg,6.093189
12583.jpg,4.4059877
12586.jpg,4.753025
12589.jpg,6.5139623
12590.jpg,4.62032
12592.jpg,4.6366534
12609.jpg,5.1593046
12613.jpg,2.4839048
12617.jpg,3.0641255
12624.jpg,4.8120046
12626.jpg,5.3102727
12627.jpg,4.122333
12631.jpg,2.7415812
12632.jpg,2.6894608
12634.jpg,2.6638832
12636.jpg,5.929242
12637.jpg,5.583966
12638.jpg,5.2713428
12639.jpg,5.3048224
12644.jpg,6.761818
12646.jpg,6.934044
12650.jpg,6.1109457
12652.jpg,6.8013773
12655.jpg,5.757967
12658.jpg,5.339581
12663.jpg,5.0751576
12666.jpg,6.311895
12667.jpg,4.268942
12668.jpg,3.3836615
12672.jpg,6.1818843
12673.jpg,5.564377
12678.jpg,5.596903
12679.jpg,5.002949
12681.jpg,6.4973397
12684.jpg,5.2180614
12689.jpg,4.4403
12700.jpg,4.493382
12703.jpg,3.1555192
12710.jpg,4.5439057
12713.jpg,4.133759
12718.jpg,4.098018
12729.jpg,4.620355
12736.jpg,3.8857822
12737.jpg,3.7581322
12738.jpg,5.455294
12739.jpg,5.394544
12743.jpg,3.6443286
12751.jpg,4.388351
12752.jpg,6.7412553
12754.jpg,2.439967
12756.jpg,3.5827794
12758.jpg,5.3658404
12761.jpg,2.9039817
12762.jpg,5.1369095
12765.jpg,4.120149
12770.jpg,3.3886423
12771.jpg,2.656814
12772.jpg,6.3015866
12773.jpg,5.462258
12781.jpg,5.901806
12784.jpg,5.2475705
12787.jpg,5.3364706
12788.jpg,4.2601495
12797.jpg,2.532201
12798.jpg,4.3968983
12800.jpg,2.168231
12806.jpg,4.3340054
12807.jpg,2.923188
12811.jpg,5.41417
12812.jpg,3.4985046
12818.jpg,5.201281
12821.jpg,5.332883
12822.jpg,5.6790676
12827.jpg,3.0158954
12831.jpg,3.4022343
12833.jpg,5.0259366
12834.jpg,5.524591
12835.jpg,6.430635
12839.jpg,4.3548474
12840.jpg,4.7850213
12841.jpg,3.4982934
12842.jpg,4.11525
12844.jpg,4.898445
12848.jpg,3.0383182
12852.jpg,6.044039
12858.jpg,3.639726
12859.jpg,3.1202197
12869.jpg,4.6857247
12877.jpg,4.3915033
12878.jpg,3.4177108
12880.jpg,2.5476794
12886.jpg,4.23408
12888.jpg,3.8709652
12889.jpg,4.2627816
12891.jpg,5.390143
12896.jpg,5.729667
12901.jpg,4.026639
12905.jpg,3.9294655
12906.jpg,3.7201798
12908.jpg,3.2360914
12912.jpg,3.5419188
12913.jpg,4.1436543
12915.jpg,3.087475
12917.jpg,3.092406
12919.jpg,4.741323
12920.jpg,5.8526144
12927.jpg,3.623775
12928.jpg,4.6733294
12930.jpg,2.7969956
12932.jpg,2.5786047
12936.jpg,4.983187
12939.jpg,5.5150094
12940.jpg,4.5971365
12946.jpg,3.6008675
12948.jpg,3.953673
12952.jpg,5.717762
12954.jpg,6.294865
12959.jpg,2.7289405
12960.jpg,3.9260578
12966.jpg,3.001093
12968.jpg,2.7221937
12971.jpg,3.4076698
12975.jpg,4.06058
12979.jpg,7.122667
12982.jpg,4.992468
12984.jpg,5.037285
12985.jpg,3.8645687
12989.jpg,4.0937505
12994.jpg,3.411304
12995.jpg,4.0757966
12996.jpg,4.8501887
13010.jpg,4.4054203
13011.jpg,4.839081
13013.jpg,5.4308486
13014.jpg,5.2738886
13015.jpg,5.180253
13020.jpg,4.0373263
13024.jpg,6.0721498
13027.jpg,5.4626307
13029.jpg,5.6575036
13031.jpg,5.7408514
13038.jpg,5.7084756
13040.jpg,6.4184723
13041.jpg,6.740133
13042.jpg,5.2988157
13043.jpg,6.2346487
13044.jpg,5.023138
13045.jpg,6.179248
13046.jpg,6.311073
13048.jpg,6.1056066
13052.jpg,5.8595924
13054.jpg,2.5335014
13065.jpg,5.2498775
13066.jpg,4.1922235
13073.jpg,3.065403
13074.jpg,4.681505
13082.jpg,4.380406
13087.jpg,4.0368342
13091.jpg,3.9942803
13092.jpg,2.84653
13096.jpg,5.3185134
13105.jpg,4.1190567
13113.jpg,4.5753493
13118.jpg,2.5915155
13119.jpg,2.6574051
13120.jpg,2.9338531
13121.jpg,3.3394117
13123.jpg,3.0517745
13128.jpg,5.1186137
13131.jpg,5.596741
13132.jpg,4.2217884
13133.jpg,4.415986
13134.jpg,3.4131804
13137.jpg,5.477818
13138.jpg,2.770403
13141.jpg,2.8865633
13145.jpg,4.656905
13147.jpg,4.2012544
13150.jpg,2.9416602
13158.jpg,3.2059896
13159.jpg,3.2734668
13165.jpg,5.151104
13170.jpg,3.9599319
13171.jpg,5.157094
13174.jpg,5.1161594
13178.jpg,4.3293233
13182.jpg,1.805007
13183.jpg,5.0505543
13186.jpg,4.270577
13190.jpg,4.034266
13193.jpg,4.7723975
13201.jpg,3.9932745
13203.jpg,4.3761063
13216.jpg,3.954531
13219.jpg,4.027975
13221.jpg,3.131765
13223.jpg,4.0136676
13224.jpg,5.131797
13225.jpg,3.0806274
13227.jpg,4.606896
13228.jpg,4.707339
13231.jpg,4.760751
13236.jpg,5.085711
13238.jpg,8.269379
13243.jpg,3.1478488
13251.jpg,3.7254715
13252.jpg,3.79976
13258.jpg,2.686561
13259.jpg,4.3982105
13266.jpg,6.182363
13268.jpg,5.7081146
13270.jpg,6.0003343
13271.jpg,6.0811296
13273.jpg,5.964795
13276.jpg,5.074617
13277.jpg,5.732591
13283.jpg,4.2735543
13287.jpg,2.9372234
13294.jpg,3.6892736
13301.jpg,5.5405726
13307.jpg,4.2356834
13309.jpg,2.845524
13316.jpg,3.3144116
13323.jpg,5.575755
13324.jpg,5.441891
13329.jpg,5.3100343
13332.jpg,5.6970425
13333.jpg,5.5628943
13336.jpg,4.7974854
13337.jpg,4.271926
13340.jpg,5.6586885
13342.jpg,5.074192
13343.jpg,5.553558
13344.jpg,5.760815
13347.jpg,5.0025206
13349.jpg,5.527037
13350.jpg,4.266967
13351.jpg,4.3431697
13356.jpg,6.9032054
13358.jpg,5.9763484
13366.jpg,4.911363
13368.jpg,3.3210535
13373.jpg,3.2331576
13374.jpg,3.5190907
13375.jpg,6.3740773
13376.jpg,1.5016747
13383.jpg,3.9415102
13386.jpg,3.0368915
13387.jpg,4.5664473
13390.jpg,1.8452039
13391.jpg,5.054424
13399.jpg,6.4802504
13400.jpg,7.040531
13405.jpg,6.96269
13408.jpg,5.9534163
13410.jpg,5.6621113
13412.jpg,5.7888308
13414.jpg,5.0432386
13417.jpg,4.5877204
13423.jpg,4.7959976
13429.jpg,4.9986687
13430.jpg,6.537082
13432.jpg,3.8932443
13433.jpg,3.7352107
13436.jpg,3.8916464
13438.jpg,3.835933
13439.jpg,4.040092
13443.jpg,4.7935777
13449.jpg,4.83671
13451.jpg,5.4125233
13453.jpg,4.738507
13457.jpg,4.336026
13458.jpg,5.845963
13468.jpg,4.9902277
13485.jpg,2.697604
13490.jpg,5.096771
13493.jpg,5.1066303
13494.jpg,3.193727
13499.jpg,6.6086926
13500.jpg,5.7972255
13501.jpg,3.424947
13505.jpg,4.1623607
13506.jpg,5.034656
13507.jpg,6.175059
13511.jpg,5.8243055
13514.jpg,5.0986195
13522.jpg,5.249869
13523.jpg,5.123736
13527.jpg,2.2732358
13528.jpg,5.8226204
13529.jpg,5.091056
13534.jpg,4.142428
13539.jpg,4.997154
13545.jpg,6.003089
13548.jpg,2.6231055
13550.jpg,4.377283
13553.jpg,2.730788
13556.jpg,5.1661525
13558.jpg,3.9058979
13565.jpg,4.4460497
13567.jpg,3.7510886
13571.jpg,4.2870455
13572.jpg,4.551216
13577.jpg,3.6403983
13580.jpg,3.5812624
13593.jpg,4.582332
13594.jpg,3.9015143
13595.jpg,3.0725768
13598.jpg,3.4977837
13600.jpg,5.2299685
13601.jpg,4.2185946
13608.jpg,5.2414756
13612.jpg,3.7752252
13614.jpg,4.6073284
13617.jpg,3.7229576
13620.jpg,4.9222054
13623.jpg,5.096627
13625.jpg,3.8082662
13628.jpg,4.6530476
13633.jpg,3.0174148
13634.jpg,2.3801932
13638.jpg,5.047834
13639.jpg,3.2291133
13643.jpg,5.3020344
13645.jpg,4.4766865
13656.jpg,2.7860699
13660.jpg,4.4580817
13661.jpg,4.3810143
13663.jpg,3.4300854
13668.jpg,4.7096777
13673.jpg,6.2328897
13674.jpg,5.2555776
13681.jpg,2.3390057
13684.jpg,2.67993
13685.jpg,2.9055507
13689.jpg,3.6010683
13690.jpg,3.7071238
13697.jpg,3.7252047
13698.jpg,3.2711487
13700.jpg,4.675064
13702.jpg,4.285307
13703.jpg,4.015978
13709.jpg,4.390866
13711.jpg,4.0663695
13712.jpg,4.033199
13721.jpg,4.017464
13726.jpg,3.9203746
13728.jpg,3.8202639
13729.jpg,4.6690855
13730.jpg,3.9300408
13734.jpg,4.296255
13745.jpg,3.0819576
13746.jpg,4.921623
13750.jpg,3.410431
13757.jpg,4.9959745
13758.jpg,3.934947
13765.jpg,4.1187563
13767.jpg,5.2146907
13771.jpg,4.4875474
13774.jpg,3.9751284
13776.jpg,2.5868442
13781.jpg,3.475907
13784.jpg,3.3766732
13785.jpg,3.3028328
13787.jpg,2.204948
13788.jpg,3.8641887
13792.jpg,6.0693464
13796.jpg,3.1292224
13801.jpg,4.6153517
13803.jpg,4.797412
13804.jpg,4.8050013
13809.jpg,4.8109226
13810.jpg,4.559162
13811.jpg,3.1732073
13814.jpg,2.425317
13815.jpg,4.3721676
13816.jpg,5.5109076
13818.jpg,4.146267
13825.jpg,4.2741623
13827.jpg,4.2430735
13832.jpg,2.5567722
13835.jpg,3.0830534
13851.jpg,4.3545637
13855.jpg,4.6536546
13856.jpg,4.8468795
13859.jpg,6.0659266
13860.jpg,5.6206636
13863.jpg,4.5969296
13867.jpg,4.4866953
13868.jpg,4.252203
13869.jpg,5.233168
13870.jpg,3.4819067
13873.jpg,4.5619845
13874.jpg,3.8431695
13876.jpg,3.0409243
13877.jpg,3.816423
13879.jpg,3.975892
13883.jpg,4.2728477
13888.jpg,2.5716193
13889.jpg,3.5744455
13891.jpg,2.7380366
13893.jpg,4.3768106
13901.jpg,2.5810728
13902.jpg,7.3694987
13904.jpg,3.499638
13905.jpg,4.6667128
13909.jpg,2.6377294
13910.jpg,3.093945
13911.jpg,4.039085
13918.jpg,2.333591
13920.jpg,4.363646
13922.jpg,3.0457509
13923.jpg,2.9760725
13926.jpg,3.9136171
13930.jpg,4.22715
13933.jpg,6.383813
13938.jpg,3.8777342
13939.jpg,3.9988444
13943.jpg,5.5144553
13944.jpg,3.6987107
13946.jpg,4.039689
13948.jpg,3.1023118
13949.jpg,2.116561
13959.jpg,3.1426194
13965.jpg,3.621629
13973.jpg,4.19527
13975.jpg,3.1651728
13976.jpg,2.3115764
13977.jpg,4.431062
13981.jpg,3.4974713
13984.jpg,3.9836493
13986.jpg,3.3401177
13991.jpg,4.7475395
13994.jpg,5.3556356
13998.jpg,5.9673386
14005.jpg,5.559937
14006.jpg,5.8272257
14009.jpg,5.047776
14011.jpg,5.321438
14014.jpg,3.2017727
14016.jpg,2.808298
14019.jpg,6.7370715
14021.jpg,5.362703
14024.jpg,4.1423573
14027.jpg,3.5540047
14029.jpg,4.583374
14031.jpg,3.9870949
14035.jpg,4.7716475
14038.jpg,5.6923256
14040.jpg,4.673349
14042.jpg,7.7985373
14045.jpg,4.929018
14046.jpg,3.534882
14051.jpg,2.0278187
14055.jpg,4.689526
14056.jpg,4.626567
14058.jpg,4.273549
14060.jpg,5.186145
14063.jpg,7.080593
14066.jpg,5.3084188
14091.jpg,5.6369452
14093.jpg,4.209078
14094.jpg,5.5352054
14095.jpg,5.7490935
14099.jpg,5.386828
14100.jpg,4.457647
14102.jpg,5.0324287
14103.jpg,5.222773
14105.jpg,6.892545
14106.jpg,6.5065007
14107.jpg,5.3008265
14113.jpg,4.87445
14114.jpg,6.8925824
14115.jpg,5.8873234
14117.jpg,5.5507107
14121.jpg,4.825912
14123.jpg,6.344344
14131.jpg,4.5772486
14132.jpg,5.5157804
14137.jpg,6.313024
14140.jpg,6.154699
14141.jpg,5.561199
14142.jpg,5.291146
14155.jpg,4.0755024
14157.jpg,4.809916
14163.jpg,3.6820278
14168.jpg,2.5234013
14170.jpg,5.845405
14173.jpg,4.932534
14175.jpg,3.7770634
14176.jpg,3.5994
14179.jpg,3.069388
14180.jpg,2.286144
14183.jpg,4.544086
14184.jpg,7.173604
14185.jpg,6.8420615
14188.jpg,5.5236444
14190.jpg,5.450227
14194.jpg,5.2825575
14195.jpg,4.404697
14197.jpg,5.500525
14199.jpg,5.1308174
14200.jpg,4.182504
14212.jpg,2.39113
14217.jpg,5.3458414
14220.jpg,3.2920763
14223.jpg,4.158049
14224.jpg,6.186593
14228.jpg,5.176845
14234.jpg,5.1097274
14239.jpg,3.4076934
14240.jpg,4.450064
14246.jpg,5.3189645
14249.jpg,4.1215777
14251.jpg,5.0641346
14255.jpg,5.0406013
14257.jpg,4.5376205
14258.jpg,4.1295843
14260.jpg,5.295346
14267.jpg,3.8493638
14274.jpg,3.9207296
14280.jpg,4.983132
14286.jpg,4.6323366
14296.jpg,4.2160335
14298.jpg,4.244878
14302.jpg,4.208562
14307.jpg,3.8923218
14310.jpg,4.948947
14315.jpg,4.66273
14318.jpg,3.2730987
14322.jpg,4.464604
14326.jpg,3.85915
14330.jpg,2.8393202
14333.jpg,5.150527
14335.jpg,4.0275784
14338.jpg,4.0322843
14340.jpg,3.6811025
14342.jpg,5.909884
14343.jpg,3.4529843
14345.jpg,4.3557353
14348.jpg,3.9688647
14349.jpg,2.993489
14355.jpg,5.0921416
14357.jpg,5.485147
14369.jpg,2.328638
14370.jpg,5.7403774
14373.jpg,5.5561633
14374.jpg,5.6797495
14377.jpg,6.127869
14380.jpg,6.044696
14381.jpg,5.8313346
14382.jpg,5.074965
14386.jpg,5.691602
14393.jpg,5.2537484
14396.jpg,1.8637714
14399.jpg,5.21909
14401.jpg,2.4226298
14405.jpg,2.5775802
14410.jpg,1.4925971
14411.jpg,2.2507777
14415.jpg,4.4045467
14420.jpg,5.861494
14425.jpg,3.97979
14426.jpg,3.4063725
14427.jpg,4.330615
14434.jpg,3.2595234
14435.jpg,3.7328603
14439.jpg,4.0679936
14440.jpg,3.3053393
14441.jpg,4.7039394
14460.jpg,5.017647
14464.jpg,5.2677565
14467.jpg,5.2653565
14468.jpg,5.378466
14473.jpg,3.3708353
14474.jpg,4.4119306
14475.jpg,3.8698592
14482.jpg,3.7201848
14487.jpg,4.7502317
14488.jpg,4.059762
14489.jpg,3.4928699
14493.jpg,2.5067303
14494.jpg,4.1168056
14497.jpg,5.3900104
14498.jpg,4.8465734
14502.jpg,2.7504404
14504.jpg,5.685823
14506.jpg,3.0801034
14508.jpg,3.8596413
14510.jpg,3.7485845
14518.jpg,5.350739
14531.jpg,5.1080375
14543.jpg,4.178589
14544.jpg,6.0829844
14558.jpg,4.0319676
14559.jpg,3.9891524
14563.jpg,4.846956
14568.jpg,3.4914346
14571.jpg,5.699679
14574.jpg,5.2980924
14575.jpg,5.223316
14582.jpg,4.364204
14586.jpg,5.160987
14589.jpg,4.934423
14591.jpg,6.6462946
14592.jpg,5.711761
14593.jpg,4.3179736
14599.jpg,5.431372
14609.jpg,4.4440336
14613.jpg,3.9866033
14614.jpg,5.543762
14615.jpg,5.044697
14619.jpg,3.9511356
14622.jpg,4.5976925
14623.jpg,6.9760256
14630.jpg,5.2147975
14635.jpg,5.0441575
14638.jpg,4.3862867
14642.jpg,4.94486
14644.jpg,4.626206
14649.jpg,5.4977884
14651.jpg,2.610257
14653.jpg,3.7491894
14655.jpg,5.2069235
14658.jpg,4.821478
14659.jpg,4.0136995
14664.jpg,4.074207
14666.jpg,4.7004237
14667.jpg,5.066196
14671.jpg,2.84133
14681.jpg,5.4840465
14682.jpg,4.789773
14684.jpg,3.1343627
14687.jpg,4.3936677
14688.jpg,5.6336794
14689.jpg,5.529519
14695.jpg,5.1960106
14698.jpg,5.3618445
14700.jpg,2.736506
14701.jpg,5.508364
14710.jpg,4.3434734
14712.jpg,4.7658486
14718.jpg,6.049671
14724.jpg,3.3407059
14726.jpg,3.2763677
14727.jpg,4.807788
14731.jpg,5.1273475
14738.jpg,4.3391147
14739.jpg,3.746951
14741.jpg,3.5798357
14742.jpg,2.7957556
14743.jpg,4.106316
14745.jpg,4.9511795
14746.jpg,3.5216553
14751.jpg,5.440962
14762.jpg,3.8177967
14768.jpg,3.9416518
14774.jpg,3.7327657
14780.jpg,4.073401
14783.jpg,5.331157
14786.jpg,5.786135
14793.jpg,4.5057
14795.jpg,4.421781
14798.jpg,4.2937303
14801.jpg,4.575609
14804.jpg,4.1715817
14807.jpg,3.9374993
14817.jpg,3.6281724
14818.jpg,5.519379
14820.jpg,5.1702027
14822.jpg,2.5422103
14824.jpg,5.050028
14825.jpg,5.058319
14827.jpg,4.7796254
14828.jpg,4.637777
14830.jpg,5.0927687
14836.jpg,5.012661
14837.jpg,5.28376
14842.jpg,3.532615
14848.jpg,5.434921
14857.jpg,5.708578
14860.jpg,3.989839
14862.jpg,5.761145
14864.jpg,3.9528775
14868.jpg,4.139826
14872.jpg,3.8417344
14873.jpg,4.748784
14874.jpg,3.822146
14876.jpg,4.0837884
14879.jpg,4.4702716
14890.jpg,5.103669
14891.jpg,5.1809974
14893.jpg,4.5207596
14896.jpg,5.435072
14898.jpg,4.2067103
14902.jpg,2.8530183
14909.jpg,4.0393047
14910.jpg,5.189562
14912.jpg,6.0413427
14913.jpg,5.1247196
14917.jpg,6.39702
14923.jpg,4.745433
14927.jpg,3.5454996
14931.jpg,3.352565
14940.jpg,4.2148147
14941.jpg,5.111576
14942.jpg,4.5640635
14945.jpg,3.557205
14955.jpg,4.778389
14957.jpg,4.195981
14962.jpg,3.9213412
14965.jpg,3.8932676
14973.jpg,4.08792
14976.jpg,4.7948294
14977.jpg,5.2152658
14978.jpg,4.6752596
14979.jpg,4.7000484
14985.jpg,4.730516
14989.jpg,6.297185
14993.jpg,2.974277
14994.jpg,2.2596428
14998.jpg,2.9349356
15002.jpg,3.456743
15009.jpg,3.007884
15010.jpg,5.485487
15011.jpg,4.463011
15012.jpg,4.738831
15014.jpg,4.5195384
15019.jpg,5.6563425
15022.jpg,5.059872
15024.jpg,5.1372714
15030.jpg,6.3879104
15031.jpg,4.526928
15034.jpg,4.680497
15035.jpg,4.835432
15047.jpg,3.074278
15050.jpg,4.0447526
15051.jpg,3.701877
15055.jpg,5.0823627
15058.jpg,4.497064
15062.jpg,5.530832
15063.jpg,4.162992
15064.jpg,3.9870386
15065.jpg,2.9993517
15066.jpg,5.5129294
15071.jpg,3.1422257
15077.jpg,3.0199785
15079.jpg,3.4438465
15080.jpg,3.420088
15081.jpg,4.092922
15085.jpg,4.4805813
15097.jpg,6.1610603
15099.jpg,3.5734053
15101.jpg,3.7509139
15108.jpg,2.1093178
15111.jpg,3.3552654
15113.jpg,3.683788
15117.jpg,5.197085
15130.jpg,4.233592
15132.jpg,3.14083
15136.jpg,2.8045957
15143.jpg,5.0676527
15149.jpg,4.801145
15153.jpg,5.4430323
15161.jpg,7.102336
15165.jpg,5.834602
15171.jpg,4.4573455
15184.jpg,4.150262
15190.jpg,3.879115
15191.jpg,3.5568352
15195.jpg,5.0656824
15197.jpg,4.2827187
15201.jpg,4.4365907
15204.jpg,5.6283045
15205.jpg,3.6602812
15207.jpg,3.3361437
15209.jpg,5.409364
15211.jpg,4.6685157
15222.jpg,3.6284275
15228.jpg,4.36739
15231.jpg,3.3374634
15234.jpg,3.3967333
15236.jpg,4.2054286
15238.jpg,3.8367243
15239.jpg,4.402548
15244.jpg,2.2533894
15245.jpg,2.845044
15246.jpg,2.245429
15250.jpg,4.2415266
15251.jpg,3.909139
15262.jpg,5.419485
15263.jpg,3.567421
15264.jpg,5.7370663
15266.jpg,4.776858
15268.jpg,4.462833
15269.jpg,4.4009156
15281.jpg,3.9221842
15283.jpg,3.2338712
15286.jpg,2.6085033
15288.jpg,4.468309
15290.jpg,4.520565
15293.jpg,4.678824
15297.jpg,3.8874123
15300.jpg,5.312367
15310.jpg,3.7042656
15311.jpg,6.210049
15312.jpg,5.092728
15317.jpg,5.5847917
15318.jpg,3.792925
15319.jpg,3.3730698
15322.jpg,5.4206676
15325.jpg,3.145873
15328.jpg,2.8401484
15332.jpg,3.856596
15335.jpg,4.764536
15336.jpg,5.1060147
15338.jpg,3.6603208
15339.jpg,3.0653555
15340.jpg,3.0900197
15341.jpg,6.180265
15342.jpg,2.2801745
15344.jpg,3.9860282
15346.jpg,5.371461
15347.jpg,4.516127
15348.jpg,2.7550771
15355.jpg,3.8721104
15358.jpg,3.1678991
15362.jpg,4.361292
15365.jpg,4.776337
15368.jpg,4.570293
15369.jpg,3.1834729
15370.jpg,2.9510334
15371.jpg,4.456406
15374.jpg,3.9766407
15380.jpg,3.6024423
15381.jpg,4.667056
15383.jpg,4.2356997
15388.jpg,4.5270476
15390.jpg,2.254049
15392.jpg,4.4576564
15394.jpg,3.3163688
15396.jpg,3.2705164
15402.jpg,4.0443587
15403.jpg,3.7920194
15404.jpg,3.792286
15405.jpg,4.93066
15411.jpg,3.5698357
15414.jpg,4.1859326
15417.jpg,3.2830245
15432.jpg,3.9756541
15434.jpg,4.527991
15452.jpg,3.1002612
15453.jpg,3.2870412
15456.jpg,4.78412
15457.jpg,3.736874
15458.jpg,2.8617036
15462.jpg,4.0990033
15471.jpg,4.7925115
15474.jpg,4.3393164
15475.jpg,5.0704303
15476.jpg,2.0662732
15480.jpg,3.8758674
15488.jpg,5.06148
15490.jpg,5.6231565
15492.jpg,5.378108
15501.jpg,3.6932101
15506.jpg,3.234343
15517.jpg,6.2173047
15520.jpg,3.4650855
15523.jpg,4.0641327
15526.jpg,4.931817
15530.jpg,6.0224195
15531.jpg,6.139359
15532.jpg,2.5859964
15535.jpg,4.1037884
15537.jpg,5.0117154
15547.jpg,6.7526336
15548.jpg,6.969828
15549.jpg,5.357591
15552.jpg,4.1768627
15553.jpg,3.515432
15561.jpg,5.2501845
15566.jpg,3.9297132
15568.jpg,6.510827
15569.jpg,6.5605073
15570.jpg,4.62725
15572.jpg,5.188582
15578.jpg,3.69316
15583.jpg,4.143348
15584.jpg,6.4691124
15590.jpg,4.608476
15601.jpg,4.1251984
15602.jpg,6.624475
15608.jpg,4.034147
15612.jpg,5.194822
15616.jpg,5.431166
15624.jpg,3.8897605
15629.jpg,5.5140553
15640.jpg,3.9175513
15641.jpg,4.5096326
15643.jpg,3.9032688
15644.jpg,3.9985597
15648.jpg,4.68934
15649.jpg,4.7242603
15651.jpg,5.7528744
15654.jpg,3.6064641
15657.jpg,5.530539
15658.jpg,2.6185732
15660.jpg,4.4989147
15661.jpg,3.7676501
15670.jpg,5.8280025
15675.jpg,4.6812835
15681.jpg,7.150472
15684.jpg,3.5055566
15686.jpg,5.3019223
15689.jpg,4.224848
15690.jpg,2.8087158
15692.jpg,4.669217
15694.jpg,4.554529
15696.jpg,4.819266
15699.jpg,4.860554
15703.jpg,2.8152132
15706.jpg,3.9043314
15707.jpg,5.1381927
15712.jpg,2.6388593
15713.jpg,5.241917
15722.jpg,4.7791433
15725.jpg,4.1305337
15727.jpg,2.650719
15729.jpg,7.4778547
15731.jpg,5.2247066
15733.jpg,5.724081
15738.jpg,2.7548983
15741.jpg,6.245399
15742.jpg,3.86414
15743.jpg,4.7696953
15744.jpg,6.970997
15745.jpg,4.0702624
15750.jpg,4.562915
15751.jpg,5.1340437
15762.jpg,4.467484
15763.jpg,6.525338
15769.jpg,2.9041874
15771.jpg,2.7470973
15777.jpg,3.8339314
15779.jpg,3.8169847
15781.jpg,5.434866
15788.jpg,4.4991317
15791.jpg,4.7516
15800.jpg,3.8147945
15807.jpg,4.6074038
15808.jpg,4.6972327
15815.jpg,5.595995
15816.jpg,4.808325
15818.jpg,4.487648
15820.jpg,5.503397
15823.jpg,4.3652577
15825.jpg,4.9172077
15831.jpg,3.5389981
15833.jpg,5.438601
15836.jpg,3.893289
15839.jpg,2.6568856
15846.jpg,5.351943
15851.jpg,4.2759833
15857.jpg,4.6702385
15859.jpg,5.1391144
15869.jpg,4.796382
15870.jpg,5.2545576
15872.jpg,6.6324954
15878.jpg,3.100915
15886.jpg,5.560731
15887.jpg,4.329466
15888.jpg,7.3495893
15894.jpg,5.7261853
15898.jpg,5.099849
15899.jpg,6.16032
15904.jpg,4.2938004
15907.jpg,2.403662
15908.jpg,3.804574
15914.jpg,4.7797914
15918.jpg,3.4217095
15919.jpg,4.1680303
15920.jpg,5.1298823
15922.jpg,6.5353227
15925.jpg,4.937337
15926.jpg,4.977646
15927.jpg,4.327291
15932.jpg,5.241425
15937.jpg,5.336068
15941.jpg,2.399438
15946.jpg,3.4552033
15948.jpg,3.9525766
15950.jpg,6.2239327
15952.jpg,3.8591862
15953.jpg,3.933835
15956.jpg,2.309348
15960.jpg,4.2967563
15961.jpg,4.1344657
15962.jpg,4.519686
15969.jpg,5.5326014
15970.jpg,4.3229604
15973.jpg,4.936208
15974.jpg,4.7216287
15984.jpg,3.658591
15991.jpg,5.6510634
15995.jpg,6.3092203
15996.jpg,3.0672047
15997.jpg,3.5560148
15999.jpg,4.6612897
16002.jpg,3.5119028
16007.jpg,3.336342
16009.jpg,4.0700636
16010.jpg,5.686666
16015.jpg,4.186634
16019.jpg,2.8409007
16021.jpg,4.810376
16022.jpg,4.332096
16024.jpg,3.1905506
16026.jpg,2.4565523
16033.jpg,3.350834
16037.jpg,4.3243794
16042.jpg,2.3217864
16043.jpg,2.678996
16044.jpg,2.6504376
16045.jpg,3.3393214
16047.jpg,4.962096
16055.jpg,3.14597
16060.jpg,4.5976224
16061.jpg,3.713017
16063.jpg,3.4397955
16064.jpg,2.0576177
16067.jpg,2.710576
16071.jpg,5.1496205
16078.jpg,4.037296
16082.jpg,5.2861667
16084.jpg,2.7080152
16090.jpg,3.2964296
16092.jpg,3.1383388
16094.jpg,3.0515933
16095.jpg,2.6038842
16098.jpg,1.8778936
16103.jpg,2.4788833
16104.jpg,2.8896937
16107.jpg,5.062411
16109.jpg,4.494486
16112.jpg,3.352828
16115.jpg,4.350938
16118.jpg,4.118386
16119.jpg,3.6710694
16121.jpg,2.5986412
16123.jpg,3.235243
16127.jpg,3.6078262
16129.jpg,4.6633554
16140.jpg,4.004304
16143.jpg,4.351964
16147.jpg,3.5627804
16153.jpg,4.613807
16154.jpg,3.85387
16155.jpg,3.5033207
16157.jpg,2.4952104
16166.jpg,2.6129718
16170.jpg,3.480291
16174.jpg,3.4289253
16181.jpg,6.0819316
16188.jpg,3.3963413
16201.jpg,2.3966224
16205.jpg,3.9676023
16206.jpg,5.0761633
16207.jpg,5.2135973
16208.jpg,5.07427
16220.jpg,5.7631545
16224.jpg,4.9752007
16225.jpg,4.5528975
16226.jpg,4.8244433
16228.jpg,3.449042
16230.jpg,7.41179
16232.jpg,4.0739865
16233.jpg,4.1696754
16236.jpg,4.6855025
16245.jpg,3.0433846
16246.jpg,5.7699046
16248.jpg,3.4866
16249.jpg,4.5197186
16256.jpg,3.1215308
16257.jpg,3.3456562
16266.jpg,5.0500884
16267.jpg,3.827348
16269.jpg,4.50203
16271.jpg,2.9129093
16273.jpg,4.7369137
16276.jpg,3.6082747
16278.jpg,3.5515947
16279.jpg,3.99442
16284.jpg,5.673699
16287.jpg,5.3987474
16290.jpg,5.5238347
16297.jpg,6.872264
16298.jpg,6.981588
16299.jpg,4.7252307
16300.jpg,5.231311
16302.jpg,4.224629
16303.jpg,3.2627714
16304.jpg,4.0689473
16307.jpg,5.182444
16308.jpg,5.403343
16313.jpg,5.735805
16316.jpg,5.025848
16317.jpg,5.951147
16325.jpg,6.215959
16329.jpg,4.5475307
16331.jpg,5.3814335
16336.jpg,4.4192824
16340.jpg,6.6500497
16344.jpg,4.7969937
16345.jpg,5.49869
16349.jpg,4.4461846
16350.jpg,6.007129
16352.jpg,4.6621566
16363.jpg,5.4184976
16367.jpg,4.3199697
16368.jpg,5.128025
16370.jpg,5.30477
16371.jpg,5.653617
16375.jpg,3.5160587
16378.jpg,5.1603465
16382.jpg,3.6261947
16384.jpg,3.698359
16386.jpg,4.904087
16388.jpg,5.2427483
16392.jpg,5.3162417
16396.jpg,5.7811613
16399.jpg,4.172938
16401.jpg,2.9082909
16409.jpg,5.15284
16412.jpg,5.1258235
16415.jpg,4.070672
16419.jpg,4.6584826
16421.jpg,2.3533714
16422.jpg,4.1824117
16424.jpg,3.4241114
16426.jpg,3.252295
16430.jpg,4.692071
16432.jpg,3.5325816
16433.jpg,3.4884112
16438.jpg,4.7797494
16442.jpg,3.5682414
16444.jpg,5.7086034
16449.jpg,4.5674653
16456.jpg,3.020155
16457.jpg,3.3288465
16458.jpg,3.1362748
16459.jpg,3.8886802
16462.jpg,5.004417
16466.jpg,6.7188888
16468.jpg,2.3540466
16471.jpg,4.19426
16472.jpg,2.3236208
16479.jpg,3.6813872
16481.jpg,3.9566817
16482.jpg,5.92899
16485.jpg,6.465223
16486.jpg,6.460959
16490.jpg,4.091663
16496.jpg,4.917087
16503.jpg,5.427875
16506.jpg,6.14233
16507.jpg,5.228917
16508.jpg,3.7982538
16511.jpg,3.8257077
16514.jpg,5.2227697
16515.jpg,4.850414
16519.jpg,5.1555576
16523.jpg,3.089865
16524.jpg,5.0636935
16525.jpg,3.6111622
16529.jpg,2.215833
16533.jpg,3.020236
16537.jpg,3.694666
16541.jpg,3.1038766
16550.jpg,4.4560423
16552.jpg,5.929257
16557.jpg,3.1264224
16558.jpg,4.498427
16559.jpg,3.9951372
16565.jpg,3.6466167
16566.jpg,2.3260968
16568.jpg,5.2208447
16580.jpg,4.5657372
16581.jpg,5.279345
16584.jpg,3.9018722
16585.jpg,5.4693537
16586.jpg,4.4675665
16588.jpg,5.3304095
16591.jpg,3.6090283
16594.jpg,4.344493
16597.jpg,5.686039
16603.jpg,2.0140138
16604.jpg,3.92418
16605.jpg,5.164526
16610.jpg,4.574622
16611.jpg,6.5240464
16613.jpg,1.7947795
16615.jpg,3.0258753
16616.jpg,2.535166
16621.jpg,6.287741
16624.jpg,6.397297
16625.jpg,5.173385
16626.jpg,6.8949494
16627.jpg,5.532886
16630.jpg,2.6914382
16632.jpg,1.6892116
16633.jpg,6.0028167
16634.jpg,6.355158
16636.jpg,5.6119876
16637.jpg,3.567978
16640.jpg,2.098878
16642.jpg,3.824498
16647.jpg,4.879797
16649.jpg,3.8647246
16656.jpg,6.4643497
16657.jpg,6.03332
16659.jpg,4.6514764
16660.jpg,2.8446226
16661.jpg,3.1360836
16664.jpg,5.7133336
16672.jpg,6.235264
16673.jpg,6.2205067
16680.jpg,5.4939065
16682.jpg,5.5720277
16684.jpg,5.17721
16697.jpg,4.6727514
16700.jpg,3.841283
16715.jpg,4.825276
16719.jpg,6.293079
16727.jpg,4.9763517
16728.jpg,4.4320927
16732.jpg,4.8167143
16735.jpg,4.6584873
16739.jpg,4.7071495
16749.jpg,4.7673078
16751.jpg,5.542581
16752.jpg,5.22596
16759.jpg,3.1017544
16763.jpg,5.1422353
16765.jpg,3.8304236
16766.jpg,4.46571
16771.jpg,5.2736154
16777.jpg,4.64349
16779.jpg,3.9776385
16786.jpg,5.1708293
16787.jpg,5.0903654
16788.jpg,4.958134
16789.jpg,3.2568038
16791.jpg,3.6174366
16795.jpg,4.283941
16798.jpg,4.6087794
16799.jpg,4.9423933
16802.jpg,4.87019
16806.jpg,3.7948036
16807.jpg,4.62049
16808.jpg,4.3143306
16811.jpg,5.870159
16815.jpg,3.5635126
16817.jpg,3.3830745
16819.jpg,4.2256966
16820.jpg,4.2620864
16822.jpg,3.54356
16823.jpg,3.0337398
16824.jpg,4.2738733
16825.jpg,2.7828994
16828.jpg,3.2044964
16830.jpg,5.0418925
16831.jpg,4.6772356
16832.jpg,4.3046045
16833.jpg,4.3401527
16841.jpg,3.6919475
16847.jpg,4.0573306
16848.jpg,5.1534953
16850.jpg,3.772643
16851.jpg,4.4979444
16858.jpg,3.5809214
16859.jpg,3.688478
16862.jpg,3.4367976
16863.jpg,4.4541574
16867.jpg,4.4600625
16872.jpg,5.3048573
16874.jpg,5.1977987
16881.jpg,5.310484
16884.jpg,3.8415494
16887.jpg,3.640006
16888.jpg,2.9813468
16889.jpg,4.802568
16891.jpg,4.59352
16896.jpg,3.5290246
16898.jpg,4.665259
16899.jpg,4.426289
16902.jpg,4.0158825
16903.jpg,3.2021637
16904.jpg,4.263762
16905.jpg,4.8183618
16910.jpg,5.1584144
16912.jpg,4.7909756
16913.jpg,5.1546226
16914.jpg,5.0900865
16918.jpg,5.4484906
16922.jpg,2.601187
16923.jpg,3.7979078
16926.jpg,5.6821914
16927.jpg,2.8702273
16933.jpg,3.2333875
16943.jpg,5.50491
16944.jpg,3.974119
16949.jpg,3.8624327
16950.jpg,4.763445
16957.jpg,4.388006
16958.jpg,4.650442
16962.jpg,4.5910954
16968.jpg,2.7477665
16969.jpg,5.156038
16971.jpg,5.575145
16976.jpg,3.591524
16978.jpg,3.1360068
16982.jpg,3.2088482
16984.jpg,2.4586082
16991.jpg,3.0682063
16993.jpg,1.980129
16996.jpg,4.773465
17002.jpg,5.5848107
17008.jpg,3.0889616
17014.jpg,4.3907175
17018.jpg,3.5463254
17019.jpg,4.2222133
17024.jpg,3.454526
17029.jpg,4.7058587
17030.jpg,4.87089
17032.jpg,5.509219
17039.jpg,5.096952
17052.jpg,3.1783185
17054.jpg,4.10559
17056.jpg,5.382832
17058.jpg,5.304812
17064.jpg,4.384888
17066.jpg,5.0422893
17067.jpg,4.3461313
17071.jpg,4.936613
17075.jpg,4.1889625
17077.jpg,1.7423123
17079.jpg,6.0936217
17082.jpg,6.37647
17083.jpg,4.0523334
17085.jpg,3.5442924
17089.jpg,6.6392775
17095.jpg,2.3103917
17096.jpg,4.823139
17098.jpg,4.5452924
17101.jpg,4.045623
17102.jpg,3.6362047
17103.jpg,4.8569355
17106.jpg,4.195274
17108.jpg,6.1992154
17109.jpg,3.3145306
17110.jpg,3.2695832
17113.jpg,4.8553805
17116.jpg,3.1958578
17120.jpg,5.492747
17123.jpg,3.4629517
17127.jpg,5.209643
17132.jpg,3.4682183
17133.jpg,4.7223
17135.jpg,3.6236987
17136.jpg,3.2249327
17145.jpg,4.14797
17146.jpg,5.087297
17160.jpg,5.190245
17164.jpg,6.2205944
17169.jpg,2.1484084
17170.jpg,2.349904
17172.jpg,4.3323574
17175.jpg,3.3530962
17180.jpg,3.89809
17184.jpg,2.6774843
17192.jpg,4.0996146
17193.jpg,5.425282
17194.jpg,5.5823236
17200.jpg,5.4769535
17201.jpg,5.269575
17203.jpg,4.1550946
17205.jpg,3.9592905
17209.jpg,4.039354
17212.jpg,3.4811187
17214.jpg,3.6612196
17216.jpg,3.8434243
17218.jpg,2.4583712
17219.jpg,4.069083
17225.jpg,4.0228777
17237.jpg,4.615371
17245.jpg,4.3986216
17246.jpg,2.9922144
17252.jpg,6.0042257
17260.jpg,3.1089327
17266.jpg,3.4635415
17267.jpg,4.268099
17274.jpg,3.644612
17275.jpg,3.4287503
17276.jpg,3.964041
17277.jpg,2.919467
17278.jpg,6.7932363
17287.jpg,5.1417227
17292.jpg,4.1281714
17293.jpg,5.42782
17298.jpg,3.744621
17300.jpg,4.05596
17303.jpg,3.3822668
17315.jpg,5.466501
17318.jpg,2.702409
17320.jpg,4.53319
17321.jpg,3.6545584
17335.jpg,4.061027
17343.jpg,2.7119246
17347.jpg,2.9817543
17350.jpg,5.8563523
17352.jpg,6.4553266
17358.jpg,3.0593622
17360.jpg,7.42154
17365.jpg,5.8477197
17367.jpg,5.281609
17369.jpg,4.6483064
17373.jpg,3.635491
17376.jpg,4.829631
17379.jpg,5.809298
17384.jpg,5.4014835
17388.jpg,3.4399843
17390.jpg,2.8139296
17391.jpg,4.377527
17392.jpg,4.823129
17394.jpg,5.033048
17410.jpg,2.520302
17412.jpg,5.9086466
17419.jpg,4.6069064
17420.jpg,2.917053
17425.jpg,3.2919073
17432.jpg,5.9062147
17435.jpg,2.8932612
17443.jpg,4.1247296
17445.jpg,3.0587733
17447.jpg,4.2708154
17448.jpg,3.8318172
17450.jpg,5.0737853
17452.jpg,5.378092
17454.jpg,4.169265
17458.jpg,3.206203
17460.jpg,4.4165635
17461.jpg,4.6241226
17462.jpg,6.3482666
17467.jpg,4.0603366
17468.jpg,3.5634904
17469.jpg,2.5480242
17492.jpg,4.2600455
17493.jpg,5.2073936
17494.jpg,5.054803
17498.jpg,7.0073824
17500.jpg,3.5927284
17504.jpg,4.407796
17508.jpg,3.8418908
17509.jpg,3.2894318
17510.jpg,6.013085
17516.jpg,3.7685418
17526.jpg,3.626549
17535.jpg,3.7588363
17536.jpg,3.3215053
17538.jpg,4.027331
17542.jpg,2.8885915
17543.jpg,4.990215
17545.jpg,4.5099277
17560.jpg,2.4601347
17561.jpg,2.5535996
17566.jpg,7.202859
17573.jpg,6.3586946
17574.jpg,6.425654
17577.jpg,6.1417174
17578.jpg,6.315663
17585.jpg,5.1912003
17588.jpg,5.880667
17591.jpg,5.9040165
17592.jpg,3.775555
17599.jpg,5.4983582
17602.jpg,2.708833
17614.jpg,4.3627667
17615.jpg,4.559728
17624.jpg,5.7407274
17625.jpg,6.015393
17626.jpg,4.7886977
17630.jpg,3.5398147
17633.jpg,4.4757953
17642.jpg,4.6194625
17648.jpg,4.267089
17650.jpg,3.1854868
17653.jpg,4.2955523
17654.jpg,3.7791023
17656.jpg,3.660709
17657.jpg,6.3806334
17663.jpg,4.0474296
17665.jpg,4.2679996
17667.jpg,6.2995825
17671.jpg,3.0010042
17674.jpg,4.2556906
17675.jpg,4.0176234
17676.jpg,4.3828654
17678.jpg,3.9144478
17681.jpg,4.4787717
17687.jpg,4.7985206
17688.jpg,4.791057
17690.jpg,6.6337667
17693.jpg,4.264504
17694.jpg,3.9115028
17696.jpg,2.4967408
17697.jpg,4.724316
17699.jpg,3.307191
17701.jpg,4.914249
17705.jpg,3.8268027
17706.jpg,5.032083
17709.jpg,5.582953
17713.jpg,4.1413016
17715.jpg,6.6722527
17716.jpg,2.6833134
17718.jpg,4.3463
17725.jpg,4.7006392
17730.jpg,5.1623187
17733.jpg,4.050545
17736.jpg,3.8290963
17744.jpg,3.3463118
17747.jpg,5.3211765
17751.jpg,2.6025758
17755.jpg,3.849744
17760.jpg,6.582992
17765.jpg,3.7957013
17768.jpg,3.6380835
17771.jpg,4.066839
17772.jpg,3.979346
17773.jpg,5.640169
17775.jpg,2.5565264
17778.jpg,5.7866106
17780.jpg,3.5922623
17782.jpg,5.697806
17783.jpg,3.746824
17785.jpg,3.462457
17790.jpg,2.4121037
17791.jpg,2.7185557
17797.jpg,6.7387342
17801.jpg,3.6295547
17803.jpg,3.7397807
17805.jpg,4.336004
17810.jpg,4.0514054
17813.jpg,3.766862
17821.jpg,5.3634562
17823.jpg,4.000637
17824.jpg,5.2030883
17825.jpg,4.0858707
17827.jpg,2.0924106
17830.jpg,3.050786
17835.jpg,3.3278556
17839.jpg,1.6719534
17840.jpg,3.190762
17846.jpg,5.129427
17847.jpg,5.764006
17848.jpg,5.042801
17849.jpg,6.0293403
17850.jpg,5.55554
17855.jpg,4.6901116
17856.jpg,4.7147746
17860.jpg,4.298821
17861.jpg,3.806882
17870.jpg,5.233496
17874.jpg,4.9627757
17877.jpg,5.8991833
17884.jpg,4.6450257
17891.jpg,8.538718
17893.jpg,6.516848
17898.jpg,7.113871
17901.jpg,4.7651277
17904.jpg,5.0124326
17905.jpg,2.7601256
17912.jpg,4.5748787
17915.jpg,5.432711
17917.jpg,3.177185
17919.jpg,4.7740293
17923.jpg,2.7542155
17925.jpg,3.9287257
17933.jpg,3.6427875
17934.jpg,2.701475
17935.jpg,3.8556626
17942.jpg,5.0647287
17944.jpg,5.0400724
17945.jpg,4.853612
17952.jpg,5.0933437
17953.jpg,2.761392
17955.jpg,4.8536224
17960.jpg,3.7927654
17962.jpg,4.885355
17968.jpg,5.223934
17969.jpg,5.539739
17979.jpg,3.8169591
17981.jpg,3.1410506
17982.jpg,3.6940591
17986.jpg,2.39901
17987.jpg,2.4972525
17991.jpg,3.3044815
17992.jpg,3.4238634
17994.jpg,3.8918397
17998.jpg,3.881301
18002.jpg,4.3151007
18003.jpg,3.9137182
18004.jpg,2.6832905
18005.jpg,2.2423878
18013.jpg,2.7073715
18014.jpg,3.1469078
18017.jpg,3.4760547
18019.jpg,4.968046
18022.jpg,5.3341756
18026.jpg,3.2491417
18030.jpg,4.574023
18031.jpg,3.9133546
18034.jpg,4.215158
18038.jpg,3.8868554
18039.jpg,4.6014094
18046.jpg,4.0668416
18048.jpg,2.4870546
18053.jpg,5.96881
18057.jpg,2.727911
18061.jpg,5.105584
18062.jpg,5.241788
18066.jpg,3.2701893
18067.jpg,3.4964306
18070.jpg,5.9197545
18073.jpg,4.446611
18074.jpg,5.1023684
18080.jpg,4.3048215
18101.jpg,3.7130625
18102.jpg,3.9585624
18104.jpg,4.0402565
18106.jpg,4.778127
18108.jpg,3.4566438
18114.jpg,3.7538662
18117.jpg,3.5308115
18118.jpg,3.4019325
18122.jpg,3.4554596
18126.jpg,3.9822676
18135.jpg,5.788551
18138.jpg,4.9564652
18140.jpg,4.566406
18141.jpg,5.3823924
18148.jpg,3.529175
18149.jpg,6.2543035
18151.jpg,3.2304106
18152.jpg,3.4902015
18157.jpg,4.07943
18158.jpg,3.3865478
18160.jpg,3.738616
18161.jpg,3.4889054
18162.jpg,4.1665597
18163.jpg,4.7689795
18171.jpg,3.6092396
18172.jpg,3.4034705
18179.jpg,4.8569345
18181.jpg,2.4302814
18182.jpg,5.907359
18184.jpg,3.8076608
18186.jpg,5.2579865
18193.jpg,4.958541
18197.jpg,2.8084843
18198.jpg,5.2696223
18199.jpg,3.6997159
18202.jpg,4.6047773
18206.jpg,6.208726
